{"cameraMode":{"drawMode":0,"name":"Shaded","section":"Shading Mode"},"sceneLighting":false,"audioPlay":false,"sceneViewState":{"showFog":false,"showMaterialUpdate":false,"showSkybox":false,"showFlares":true,"showImageEffects":true,"showParticleSystems":true},"in2DMode":false,"pivot":{"x":11.543693542480469,"y":76.52293395996094,"z":3.6021270751953127},"rotation":{"x":-0.15459515154361726,"y":-0.4463920593261719,"z":0.07861243188381195,"w":-0.8779043555259705},"size":69.10725402832031,"orthographic":false}