{"cameraMode":{"drawMode":0,"name":"Shaded","section":"Shading Mode"},"sceneLighting":true,"audioPlay":false,"sceneViewState":{"showFog":false,"showMaterialUpdate":false,"showSkybox":true,"showFlares":true,"showImageEffects":true,"showParticleSystems":true},"in2DMode":false,"pivot":{"x":0.7644043564796448,"y":2.7046561241149904,"z":-0.30727696418762209},"rotation":{"x":0.5747050642967224,"y":0.015041115693747998,"z":-0.010408363305032254,"w":0.8182393908500671},"size":1.084836483001709,"orthographic":false}