{"cameraMode":{"drawMode":0,"name":"Shaded","section":"Shading Mode"},"sceneLighting":false,"audioPlay":false,"sceneViewState":{"showFog":false,"showMaterialUpdate":false,"showSkybox":false,"showFlares":true,"showImageEffects":true,"showParticleSystems":true},"in2DMode":false,"pivot":{"x":0.0,"y":0.1383500099182129,"z":0.030299991369247438},"rotation":{"x":-0.7013878226280212,"y":0.001491046859882772,"z":-0.0014697517035529018,"w":-0.712825357913971},"size":0.46321022510528567,"orthographic":false}