{"cameraMode":{"drawMode":0,"name":"Shaded","section":"Shading Mode"},"sceneLighting":false,"audioPlay":false,"sceneViewState":{"showFog":false,"showMaterialUpdate":false,"showSkybox":false,"showFlares":true,"showImageEffects":true,"showParticleSystems":true},"in2DMode":false,"pivot":{"x":0.0,"y":0.10000000149011612,"z":-0.19999980926513673},"rotation":{"x":-0.7013878226280212,"y":0.001491046859882772,"z":-0.0014697517035529018,"w":-0.712825357913971},"size":1.0003933906555176,"orthographic":false}