{"cameraMode":{"drawMode":0,"name":"Shaded","section":"Shading Mode"},"sceneLighting":false,"audioPlay":false,"sceneViewState":{"showFog":false,"showMaterialUpdate":false,"showSkybox":false,"showFlares":true,"showImageEffects":true,"showParticleSystems":true},"in2DMode":false,"pivot":{"x":0.21442362666130067,"y":0.14248871803283692,"z":0.09307524561882019},"rotation":{"x":-0.24365408718585969,"y":0.03694002702832222,"z":-0.009286568500101567,"w":-0.9691259264945984},"size":0.3000172972679138,"orthographic":false}